StopId,Zone,Street,Importance,Lng,Lat
1239,Huyện Hóc Môn,Quốc lộ 22,2593271,106.613522,10.845187
1115,Quận 12,Quốc lộ 22,2588447,106.613517,10.845803
1393,Huyện Hóc Môn,Quốc lộ 22,2573424,106.608152,10.853595
1152,Quận 12,Quốc lộ 22,2528083,106.607863,10.85466
510,Quận Tân Bình,Hoàng Văn Thụ,2227645,106.655198,10.79472
271,Quận Tân Bình,Trường Chinh,2219404,106.630254,10.822452
174,Quận Tân Phú,Trường Chinh,2071134,106.629825,10.822315
272,Quận 12,Trường Chinh,2066354,106.625828,10.826957
1234,Huyện Hóc Môn,Quốc lộ 22,2045172,106.603324,10.860602
1235,Huyện Hóc Môn,Quốc lộ 22,2045172,106.598904,10.866919
1155,Huyện Hóc Môn,Quốc lộ 22,2025118,106.599349,10.866782
1156,Huyện Hóc Môn,Quốc lộ 22,2025118,106.602697,10.862014
169,Quận 12,Trường Chinh,1944968,106.62586,10.82624
1451,Quận 1,Nguyễn Thái Học,1829246,106.694984,10.768461
440,Quận 5,Hồng Bàng,1725460,106.664683,10.755671
27,Quận 1,Trần Hưng Đạo,1703189,106.695847,10.768327
1301,Quận Tân Bình,Trường Chinh,1702120,106.647747,10.796053
1256,Quận 1,Hàm Nghi,1697063,106.701998,10.770811
464,Quận 5,Hồng Bàng,1671790,106.652334,10.753331
7265,Quận 1,Hàm Nghi,1635503,106.700259,10.770911
421,Quận Bình Thạnh,Điện Biên Phủ,1607573,106.714856,10.801228
1302,Quận Tân Bình,Trường Chinh,1599676,106.635629,10.804732
166,Quận 12,Quốc lộ 22,1594335,106.61337280273438,10.843737602233887
273,Quận 12,Trường Chinh,1591385,106.624594,10.828627
275,Quận 12,Trường Chinh,1591385,106.620614,10.834781
277,Quận 12,Trường Chinh,1591385,106.618398,10.838222
626,Quận 6,Hồng Bàng,1585260,106.635574,10.754732
437,Quận 5,Hồng Bàng,1553920,106.659232,10.754553
620,Quận 11,Hồng Bàng,1544740,106.64926,10.753689
622,Quận 11,Hồng Bàng,1544740,106.646787,10.753952
624,Quận 11,Hồng Bàng,1544740,106.644368,10.754232
721,Quận 6,Hồng Bàng,1529849,106.644003,10.754021
722,Quận 6,Hồng Bàng,1529849,106.647323,10.753647
723,Quận 6,Hồng Bàng,1529849,106.645955,10.753789
434,Quận 5,Hồng Bàng,1514853,106.661072,10.755196
1874,Quận Bình Thạnh,Điện Biên Phủ,1509620,106.701654,10.795089
623,Quận 11,Hồng Bàng,1508380,106.639089,10.754748
1395,Huyện Hóc Môn,Quốc lộ 22,1506788,106.587263,10.883308
719,Quận 6,Hồng Bàng,1488226,106.641245,10.754295
724,Quận 6,Hồng Bàng,1488226,106.637995,10.754548
439,Quận 5,Hồng Bàng,1485716,106.663191,10.75536
436,Quận 5,Hồng Bàng,1481895,106.659501,10.754875
258,Quận Tân Bình,Trần Quốc Hoàn,1481741,106.662312,10.801365
167,Quận 12,Trường Chinh,1476509,106.617347,10.838891
172,Quận 12,Trường Chinh,1476509,106.620212,10.834497
1303,Huyện Hóc Môn,Quốc lộ 22,1457034,106.586732,10.884615
420,Quận Bình Thạnh,Điện Biên Phủ,1454089,106.717227,10.800274
32,Quận 1,Hàm Nghi,1453683,106.704074,10.770722
419,Quận Bình Thạnh,Điện Biên Phủ,1432794,106.719571,10.798893
412,Quận Thủ Đức,Xa Lộ Hà Nội,1407537,106.759998,10.825366
414,Quận Thủ Đức,Xa Lộ Hà Nội,1407537,106.758142,10.820576
3176,Quận 3,Võ Thị Sáu,1399170,106.690918,10.786916
417,Quận 2,Xa Lộ Hà Nội,1398820,106.738762,10.801309
418,Quận 2,Xa Lộ Hà Nội,1398820,106.73436,10.800451
415,Quận 2,Xa Lộ Hà Nội,1394460,106.747948,10.802925
416,Quận 2,Xa Lộ Hà Nội,1394460,106.7434,10.802134
476,Quận Bình Thạnh,Điện Biên Phủ,1388875,106.714255,10.800827
473,Quận Bình Thạnh,Điện Biên Phủ,1380178,106.717404,10.799531
475,Quận Bình Thạnh,Điện Biên Phủ,1380178,106.719496,10.798525
713,Quận Bình Tân,Kinh Dương Vương,1336080,106.61687,10.739665
630,Quận Bình Tân,Kinh Dương Vương,1314217,106.616392,10.739675
470,Quận 5,Hồng Bàng,1303822,106.656749,10.754111
410,Quận Thủ Đức,Xa Lộ Hà Nội,1282130,106.765244,10.834945
413,Quận Thủ Đức,Xa Lộ Hà Nội,1282130,106.763195,10.831214
7617,Huyện Củ Chi,Quốc lộ 22,1275353,106.482453,10.970495
481,Quận 9,Xa Lộ Hà Nội,1265919,106.760775,10.825972
482,Quận 9,Xa Lộ Hà Nội,1265919,106.758394,10.819206
267,Quận Tân Bình,Trường Chinh,1264565,106.633349,10.812204
478,Quận 2,Xa Lộ Hà Nội,1252842,106.738899,10.800838
479,Quận 2,Xa Lộ Hà Nội,1252842,106.748089,10.802592
480,Quận 2,Xa Lộ Hà Nội,1252842,106.742928,10.801584
435,Quận 5,Hồng Bàng,1236876,106.657934,10.75458
438,Quận 5,Hồng Bàng,1236876,106.65552,10.754158
1396,Quận 1,Cách Mạng Tháng Tám,1223064,106.691499,10.772345
175,Quận Tân Phú,Trường Chinh,1207326,106.632748,10.812878
709,Quận Bình Tân,Kinh Dương Vương,1200515,106.607605,10.72832
710,Quận Bình Tân,Kinh Dương Vương,1200515,106.61298,10.734278
714,Quận Bình Tân,Kinh Dương Vương,1200515,106.610255,10.729977
716,Quận Bình Tân,Kinh Dương Vương,1200515,106.614906,10.737541
911,Quận Tân Bình,Phan Đình Giót,1172411,106.664909,10.803641
485,Quận 9,Xa Lộ Hà Nội,1138650,106.76312,10.829955
3404,Quận Bình Tân,"Tỉnh lộ 10,Tân Tạo, Hồ Chí Minh, Việt Nam",1136283,106.604538,10.755135
999,Quận Tân Bình,Trần Quốc Hoàn,1136108,106.663925,10.803644
2028,Quận 1,Hàm Nghi,1124759,106.701853,10.771043
433,Quận 5,Hồng Bàng,1124461,106.664511,10.755897
1010,Quận 5,Hồng Bàng,1115991,106.652559,10.753657
1920,Quận 3,Điện Biên Phủ,1110639,106.692375,10.784965
1401,Quận 1,Nguyễn Thị Nghĩa,1107930,106.693588,10.770854
432,Quận 5,Nguyễn Tri Phương,1095077,106.669613,10.757151
859,Quận 7,Nguyễn Văn Linh,1081353,106.723927,10.752424
1379,Quận 1,Nguyễn Thái Học,1072952,106.696612,10.766253
187,Quận Tân Bình,Hoàng Văn Thụ,1070679,106.663578,10.800469
855,Quận 4,Nguyễn Tất Thành,1070657,106.70763,10.76385
857,Quận 4,Nguyễn Tất Thành,1070657,106.70932,10.7618
858,Quận 4,Nguyễn Tất Thành,1070657,106.713359,10.759423
860,Quận 4,Nguyễn Tất Thành,1070657,106.715977,10.7579
1304,Huyện Hóc Môn,Quốc lộ 22,1065143,106.567812,10.911664
1305,Huyện Hóc Môn,Quốc lộ 22,1065143,106.576191,10.899733
1306,Huyện Củ Chi,Quốc lộ 22,1065143,106.540335,10.939433
1307,Huyện Củ Chi,Quốc lộ 22,1065143,106.553714,10.931343
1309,Huyện Củ Chi,Quốc lộ 22,1065143,106.524635,10.947133
3639,Huyện Củ Chi,Quốc lộ 22,1065143,106.55711,10.926929
3648,Huyện Củ Chi,Quốc lộ 22,1065143,106.501617,10.961317
1297,Quận 1,Cách Mạng Tháng Tám,1046297,106.690813,10.773046
140,Quận Bình Tân,Kinh Dương Vương,1040473,106.623162,10.744919
4149,Quận Bình Tân,Kinh Dương Vương,1040473,106.62136,10.743396
1392,Quận Tân Bình,Trường Chinh,1037048,106.646218,10.796606
1384,Huyện Củ Chi,Quốc lộ 22,1035238,106.540223,10.93918
1389,Huyện Hóc Môn,Quốc lộ 22,1035238,106.567576,10.911485
1390,Huyện Hóc Môn,Quốc lộ 22,1035238,106.575891,10.899638
3654,Huyện Củ Chi,Quốc lộ 22,1035238,106.522923,10.947954
3658,Huyện Củ Chi,Quốc lộ 22,1035238,106.552808,10.931917
3660,Huyện Củ Chi,Quốc lộ 22,1035238,106.557201,10.926381
7135,Huyện Củ Chi,Quốc lộ 22,1035238,106.503161,10.9602
847,Quận 4,Nguyễn Tất Thành,1032048,106.713241,10.759771
848,Quận 4,Nguyễn Tất Thành,1032048,106.7155,10.758443
849,Quận 4,Nguyễn Tất Thành,1032048,106.707941,10.763744
850,Quận 4,Nguyễn Tất Thành,1032048,106.710194,10.761557
851,Quận 4,Hoàng Diệu,1032048,106.704031,10.763744
852,Quận 4,Hoàng Diệu,1032048,106.706471,10.764983
996,Quận Tân Bình,Cách Mạng Tháng Tám,1031872,106.654131,10.792391
1003,Quận 10,Cách Mạng Tháng Tám,1031872,106.665777,10.786236
731,Quận 3,Điện Biên Phủ,1025007,106.684145,10.777009
1913,Quận 3,Điện Biên Phủ,1025007,106.685471,10.778255
1917,Quận 3,Điện Biên Phủ,1025007,106.687621,10.780286
117,Quận Bình Tân,Kinh Dương Vương,1024190,106.622475,10.744746
506,Quận 10,Lý Thường Kiệt,1010536,106.657698,10.772603
507,Quận Tân Bình,Lý Thường Kiệt,1010536,106.655912,10.7788
508,Quận Tân Bình,Lý Thường Kiệt,1010536,106.653786,10.786222
509,Quận Tân Bình,Lý Thường Kiệt,1010536,106.653076,10.788689
548,Quận Tân Bình,Lý Thường Kiệt,1010536,106.65529,10.781072
89,Quận 3,Nguyễn Thị Minh Khai,1002892,106.683657,10.767723
1111,Quận Thủ Đức,Xa Lộ Hà Nội,1002715,106.77063,10.844297
1112,Quận Thủ Đức,Xa Lộ Hà Nội,1002715,106.768607,10.840745
1113,Quận Thủ Đức,Xa Lộ Hà Nội,1002715,106.77299,10.84828
607,Quận Tân Bình,Lý Thường Kiệt,1002071,106.653584,10.786131
609,Quận Tân Bình,Lý Thường Kiệt,1002071,106.655609,10.779233
610,Quận Tân Bình,Lý Thường Kiệt,1002071,106.654571,10.782695
1915,Quận 1,Điện Biên Phủ,995803,106.694313,10.786934
1924,Quận 1,Điện Biên Phủ,995803,106.696783,10.789477
35,Quận 1,Lê Lai,992774,106.689362,10.767676
603,Quận Tân Bình,Xuân Hồng,988783,106.654066,10.796032
606,Quận Tân Bình,Xuân Hồng,988783,106.652184,10.794256
1394,Quận 10,Cách Mạng Tháng Tám,981192,106.680706,10.778205
1399,Quận 10,Cách Mạng Tháng Tám,981192,106.675063,10.78124
613,Quận 11,Lý Thường Kiệt,979268,106.658295,10.769639
614,Quận 11,Lý Thường Kiệt,979268,106.659363,10.765792
505,Quận 10,Lý Thường Kiệt,978979,106.658524,10.769652
546,Quận 10,Lý Thường Kiệt,978979,106.659763,10.76523
611,Quận 11,Lý Thường Kiệt,968264,106.657829,10.771331
843,Quận 7,Nguyễn Văn Linh,944159,106.727414,10.752498
270,Quận Tân Bình,Trường Chinh,928873,106.631461,10.818332
908,Quận Tân Bình,Cách Mạng Tháng Tám,928833,106.653991,10.792649
366,Quận Bình Thạnh,Bạch Đằng,923465,106.710511,10.802793
8,Quận 5,Lê Quang Sung,921362,106.6525650024414,10.751253128051758
615,Quận 11,Lý Thường Kiệt,920498,106.660484,10.761718
627,Quận 6,Kinh Dương Vương,916637,106.633365,10.753346
628,Quận 6,Kinh Dương Vương,916637,106.63089,10.751475
629,Quận 6,Kinh Dương Vương,916637,106.628435,10.749589
1386,Quận 6,Kinh Dương Vương,916637,106.624525,10.746384
232,Quận Phú Nhuận,Hoàng Văn Thụ,909715,106.679354,10.799088
92,Quận 3,Điện Biên Phủ,907799,106.67738,10.771164
1909,Quận 3,Điện Biên Phủ,907799,106.675224,10.768703
1911,Quận 3,Điện Biên Phủ,907799,106.67981,10.773248
1912,Quận 3,Điện Biên Phủ,907799,106.68145,10.774641
1358,Quận 7,Huỳnh Tấn Phát,907141,106.737016,10.711002
1360,Quận 7,Huỳnh Tấn Phát,907141,106.737152,10.708958
1362,Quận 7,Huỳnh Tấn Phát,907141,106.736904,10.712974
1366,Quận 7,Huỳnh Tấn Phát,907141,106.737427,10.705626
732,Huyện Củ Chi,Quốc lộ 22,900833,106.482099,10.971617
1363,Quận 7,Huỳnh Tấn Phát,898523,106.737381,10.708926
1364,Quận 7,Huỳnh Tấn Phát,898523,106.737649,10.705547
1365,Quận 7,Huỳnh Tấn Phát,898523,106.737177,10.712795
1367,Quận 7,Huỳnh Tấn Phát,898523,106.737242,10.711134
715,Quận 6,Kinh Dương Vương,887981,106.627963,10.748914
718,Quận 6,Kinh Dương Vương,887981,106.626257,10.747549
720,Quận 6,Kinh Dương Vương,887981,106.630914,10.751217
2293,Quận Tân Bình,Trường Chinh,881316,106.637517,10.801275
1025,Quận 9,Xa Lộ Hà Nội,880757,106.76666,10.836162
1026,Quận 9,Xa Lộ Hà Nội,880757,106.77079,10.843834
1028,Quận 9,Xa Lộ Hà Nội,880757,106.772974,10.847142
1030,Quận 9,Xa Lộ Hà Nội,880757,106.769074,10.840466
1298,Quận 3,Cách Mạng Tháng Tám,879285,106.676345,10.780703
1299,Quận 3,Cách Mạng Tháng Tám,879285,106.680481,10.778516
1300,Quận 3,Cách Mạng Tháng Tám,879285,106.66693,10.785814
259,Quận Tân Bình,Cộng Hòa,877192,106.659168,10.801038
262,Quận Tân Bình,Cộng Hòa,877192,106.651127,10.801728
263,Quận Tân Bình,Cộng Hòa,877192,106.646953,10.802102
265,Quận Tân Bình,Cộng Hòa,877192,106.640967,10.802571
266,Quận Tân Bình,Cộng Hòa,877192,106.636192,10.806313
173,Quận Tân Phú,Trường Chinh,871634,106.630615,10.819386
176,Quận Tân Phú,Trường Chinh,871634,106.631472,10.817114
937,Quận 12,Quốc lộ 1A,869845,106.671882,10.861577
938,Quận 12,Quốc lộ 1A,869845,106.674446,10.861619
944,Quận 12,Quốc lộ 1A,869845,106.678078,10.861472
178,Quận Tân Bình,Cộng Hòa,866016,106.636055,10.806144
179,Quận Tân Bình,Cộng Hòa,866016,106.644292,10.802055
181,Quận Tân Bình,Cộng Hòa,866016,106.640253,10.802371
182,Quận Tân Bình,Cộng Hòa,866016,106.653637,10.801254
183,Quận Tân Bình,Cộng Hòa,866016,106.650413,10.801544
184,Quận Tân Bình,Cộng Hòa,866016,106.658819,10.800833
1400,Quận 3,Cách Mạng Tháng Tám,863984,106.684338,10.776202
708,Quận Bình Tân,Kinh Dương Vương,857499,106.602337,10.724317
712,Quận Bình Tân,Kinh Dương Vương,857499,106.605191,10.726583
385,Quận 10,Hùng Vương,855115,106.680443,10.764877
2122,Quận 7,Huỳnh Tấn Phát,854845,106.728428,10.75166
2123,Quận 7,Huỳnh Tấn Phát,854845,106.728643,10.749151
2124,Quận 7,Huỳnh Tấn Phát,854845,106.729485,10.742901
2125,Quận 7,Huỳnh Tấn Phát,854845,106.729163,10.745061
2126,Quận 7,Huỳnh Tấn Phát,854845,106.729876,10.740381
86,Quận 1,Nguyễn Trãi,852676,106.688591,10.767692
7274,Quận 1,Lê Lai,848790,106.693495,10.769952
7275,Quận 1,Lê Lai,848790,106.690469,10.768761
1185,Huyện Củ Chi,"Tỉnh lộ 8, Củ Chi",847789,106.578176,10.984251
2185,Quận 7,Huỳnh Tấn Phát,846446,106.729796,10.742621
2187,Quận 7,Huỳnh Tấn Phát,846446,106.72941,10.745077
2188,Quận 7,Huỳnh Tấn Phát,846446,106.72868,10.751892
2189,Quận 7,Huỳnh Tấn Phát,846446,106.730188,10.739944
2190,Quận 7,Huỳnh Tấn Phát,846446,106.728868,10.749441
717,Quận 6,Kinh Dương Vương,838816,106.633542,10.75322
2405,Quận 1,Phạm Viết Chánh,836727,106.6828,10.76602
387,Quận 10,Hùng Vương,836695,106.676967,10.762606
441,Quận 5,Nguyễn Tri Phương,836422,106.66928,10.758706
1788,Quận Bình Tân,Quốc lộ 1A,835438,106.590683,10.762401
1789,Quận Bình Tân,Quốc lộ 1A,835438,106.590935,10.768545
1791,Quận Bình Tân,Quốc lộ 1A,835438,106.591492,10.758026
1296,Quận 3,Cách Mạng Tháng Tám,833315,106.684467,10.776461
299,Quận Bình Thạnh,Xô Viết Nghệ Tĩnh,828937,106.711509,10.803262
302,Quận Bình Thạnh,Xô Viết Nghệ Tĩnh,828937,106.711965,10.808831
164,Quận 1,Cống Quỳnh,827437,106.687653,10.766863
285,Quận 10,Ngô Gia Tự,826030,106.669511,10.760582
286,Quận 10,Ngô Gia Tự,826030,106.671093,10.762933
2675,Quận 12,Quốc lộ 1A,821366,106.634679,10.853806
2676,Quận 12,Quốc lộ 1A,821366,106.639832,10.856667
2677,Quận 12,Quốc lộ 1A,821366,106.632347,10.852583
2678,Quận 12,Quốc lộ 1A,821366,106.644233,10.858953
2680,Quận 12,Quốc lộ 1A,821366,106.647781,10.86097
3811,Huyện Hóc Môn,Quốc lộ 1A,821366,106.642284,10.858011
631,Quận Bình Tân,Kinh Dương Vương,819017,106.613144,10.735138
632,Quận Bình Tân,Kinh Dương Vương,819017,106.611028,10.731674
633,Quận Bình Tân,Kinh Dương Vương,819017,106.608276,10.729014
1495,Quận 9,Lê Văn Việt,817845,106.780563,10.84486
1502,Quận 9,Lê Văn Việt,817845,106.775032,10.848192
1504,Quận 9,Lê Văn Việt,817845,106.778124,10.846262
496,Quận 8,Quốc lộ 50,814498,106.656357,10.733545
2127,Quận 7,Huỳnh Tấn Phát,809205,106.731652,10.731337
2128,Quận 7,Huỳnh Tấn Phát,809205,106.732677,10.728433
2130,Quận 7,Huỳnh Tấn Phát,809205,106.730434,10.736803
2131,Quận 7,Huỳnh Tấn Phát,809205,106.735412,10.722836
2132,Quận 7,Huỳnh Tấn Phát,809205,106.734302,10.724986
2133,Quận 7,Huỳnh Tấn Phát,809205,106.736593,10.71884
2134,Quận 7,Huỳnh Tấn Phát,809205,106.736813,10.714782
2135,Quận 7,Huỳnh Tấn Phát,809205,106.736378,10.720833
2136,Quận 7,Huỳnh Tấn Phát,809205,106.736732,10.7166
2175,Quận 7,Huỳnh Tấn Phát,809048,106.737081,10.714624
2178,Quận 7,Huỳnh Tấn Phát,809048,106.736974,10.716732
2179,Quận 7,Huỳnh Tấn Phát,809048,106.736882,10.718656
2180,Quận 7,Huỳnh Tấn Phát,809048,106.73656,10.721054
2181,Quận 7,Huỳnh Tấn Phát,809048,106.735525,10.723141
2182,Quận 7,Huỳnh Tấn Phát,809048,106.734554,10.725028
2183,Quận 7,Huỳnh Tấn Phát,809048,106.731834,10.731727
2184,Quận 7,Huỳnh Tấn Phát,809048,106.730681,10.736639
119,Quận Bình Tân,Kinh Dương Vương,807721,106.618468,10.741035
976,Quận 12,Quốc lộ 1A,807367,106.674564,10.861967
933,Quận 12,Quốc lộ 1A,806003,106.657127,10.861651
936,Quận 12,Quốc lộ 1A,806003,106.662247,10.861335
942,Quận 12,Quốc lộ 1A,806003,106.666458,10.861503
1196,Quận 4,Hoàng Diệu,802968,106.699836,10.760735
2381,Quận Bình Tân,"Tỉnh lộ 10,Tân Tạo, Hồ Chí Minh, Việt Nam",801201,106.594154,10.755855
2382,Quận Bình Tân,"Tỉnh lộ 10,Tân Tạo, Hồ Chí Minh, Việt Nam",801201,106.598061,10.75497
2383,Quận Bình Tân,"Tỉnh lộ 10,Tân Tạo, Hồ Chí Minh, Việt Nam",801201,106.60199,10.754559
3667,Huyện Cần Giờ,Rừng Sác,794653,106.824633,10.575572
3669,Huyện Cần Giờ,Rừng Sác,794653,106.828276,10.561445
3682,Huyện Cần Giờ,Rừng Sác,794653,106.824934,10.575751
3684,Huyện Cần Giờ,Rừng Sác,794653,106.828694,10.56135
4150,Quận Bình Tân,Kinh Dương Vương,788409,106.618377,10.741383
465,Quận 5,An Dương Vương,787050,106.670492,10.756714
3182,Quận 5,Hùng Vương,784211,106.670809,10.758559
31,Quận 1,Tôn Đức Thắng,781033,106.706654,10.774094
1536,Quận 9,Lê Văn Việt,780557,106.780377,10.845176
1538,Quận 9,Lê Văn Việt,780557,106.775045,10.848411
1539,Quận 9,Lê Văn Việt,780557,106.777512,10.846799
725,Quận Bình Tân,Kinh Dương Vương,771153,106.618317,10.740705
1055,Huyện Nhà Bè,Huỳnh Tấn Phát,770678,106.73817,10.701088
1058,Huyện Nhà Bè,Huỳnh Tấn Phát,770678,106.739666,10.695869
1060,Huyện Nhà Bè,Huỳnh Tấn Phát,770678,106.743314,10.686992
1061,Huyện Nhà Bè,Huỳnh Tấn Phát,770678,106.740546,10.69345
1062,Huyện Nhà Bè,Huỳnh Tấn Phát,770678,106.746764,10.682021
1063,Huyện Nhà Bè,Huỳnh Tấn Phát,770678,106.741694,10.690113
1064,Huyện Nhà Bè,Huỳnh Tấn Phát,770678,106.753196,10.6784
1065,Huyện Nhà Bè,Huỳnh Tấn Phát,770678,106.74538,10.683998
1066,Huyện Nhà Bè,Huỳnh Tấn Phát,770678,106.750803,10.679275
1907,Quận 10,Ngô Gia Tự,766296,106.672826,10.765404
1157,Huyện Hóc Môn,Quốc lộ 22,765392,106.591748,10.877482
1158,Huyện Hóc Môn,Quốc lộ 22,765392,106.597075,10.870075
1160,Huyện Hóc Môn,Quốc lộ 22,765392,106.596147,10.871397
4592,Huyện Hóc Môn,Quốc lộ 22,765392,106.593424,10.875093
1141,Huyện Nhà Bè,Huỳnh Tấn Phát,763617,106.75071,10.679507
1142,Huyện Nhà Bè,Huỳnh Tấn Phát,763617,106.745476,10.684125
1143,Huyện Nhà Bè,Huỳnh Tấn Phát,763617,106.746994,10.681985
1144,Huyện Nhà Bè,Huỳnh Tấn Phát,763617,106.743202,10.687393
1145,Huyện Nhà Bè,Huỳnh Tấn Phát,763617,106.741909,10.68996
1146,Huyện Nhà Bè,Huỳnh Tấn Phát,763617,106.740723,10.693397
393,Quận 11,Nguyễn Chí Thanh,762807,106.660828,10.758364
422,Quận Bình Thạnh,Phan Đăng Lưu,761639,106.695153,10.802666
727,Quận 3,Võ Thị Sáu,755919,106.686242,10.782294
301,Quận Bình Thạnh,Quốc lộ 13,748579,106.71241,10.810791
932,Quận 12,Quốc lộ 1A,746591,106.651199,10.861881
935,Quận 12,Quốc lộ 1A,746591,106.654053,10.861808
95,Quận 10,Đường 3/2,745826,106.676951,10.773457
568,Quận 10,Đường 3/2,745826,106.680771,10.777162
1161,Huyện Hóc Môn,Bà Triệu,744450,106.596238,10.887902
1162,Huyện Hóc Môn,Bà Triệu,744450,106.594098,10.88226
1164,Huyện Hóc Môn,Bà Triệu,744450,106.595213,10.884952
4586,Huyện Hóc Môn,Bà Triệu,744450,106.591845,10.878077
2491,Quận 3,Võ Thị Sáu,743313,106.687514,10.783533
1092,Quận 1,Tôn Đức Thắng,739784,106.707115,10.777367
1093,Quận 1,Tôn Đức Thắng,739784,106.707818,10.779949
1094,Quận 1,Tôn Đức Thắng,739784,106.706922,10.781804
2775,Quận 12,Quốc lộ 1A,736346,106.648536,10.861767
2776,Quận 12,Quốc lộ 1A,736346,106.645682,10.860302
2777,Quận 12,Quốc lộ 1A,736346,106.640918,10.857668
2778,Quận 12,Quốc lộ 1A,736346,106.638172,10.856256
2779,Quận 12,Quốc lộ 1A,736346,106.636165,10.855055
2780,Quận 12,Quốc lộ 1A,736346,106.630935,10.852242
2781,Quận 12,Quốc lộ 1A,736346,106.632469,10.853048
1250,Quận 4,Khánh Hội,735199,106.699315,10.758727
1251,Quận 7,Nguyễn Hữu Thọ,735199,106.702266,10.746832
1253,Quận 4,Hoàng Diệu,735199,106.699321,10.760082
4424,Quận 4,Khánh Hội,735199,106.700705,10.756867
571,Quận 10,Nguyễn Tri Phương,732963,106.668488,10.761049
1344,Quận 1,Nguyễn Thái Học,732095,106.696011,10.766785
1199,Quận 7,Nguyễn Hữu Thọ,728368,106.700946,10.741198
1201,Quận 7,Nguyễn Hữu Thọ,728368,106.701472,10.744134
1194,Quận 4,Khánh Hội,723915,106.698972,10.758864
1197,Quận 7,Nguyễn Hữu Thọ,723915,106.70203,10.747496
1198,Quận 4,Khánh Hội,723915,106.700817,10.756414
1150,Huyện Nhà Bè,Huỳnh Tấn Phát,723097,106.740026,10.695332
1963,Quận Bình Tân,Mã Lò,720997,106.603239,10.768097
1966,Quận Bình Tân,Mã Lò,720997,106.602053,10.771929
1968,Quận Bình Tân,Mã Lò,720997,106.601313,10.77479
634,Quận Bình Tân,Kinh Dương Vương,720814,106.605751,10.72733
635,Quận Bình Tân,Kinh Dương Vương,720814,106.603027,10.725466
1892,Quận Bình Tân,Quốc lộ 1A,718336,106.596062,10.791437
1894,Quận Bình Tân,Quốc lộ 1A,718336,106.598724,10.803514
1896,Quận Bình Tân,Quốc lộ 1A,718336,106.600754,10.813484
1900,Quận Bình Tân,Quốc lộ 1A,718336,106.597801,10.799468
1902,Quận Bình Tân,Quốc lộ 1A,718336,106.599731,10.80813
2906,Quận Bình Tân,"Tỉnh lộ 10,Tân Tạo, Hồ Chí Minh, Việt Nam",717525,106.60643,10.75781
2341,Quận 12,Quốc lộ 1A,717517,106.621506,10.847418
2342,Quận 12,Quốc lộ 1A,717517,106.617803,10.844618
2344,Quận 12,Quốc lộ 1A,717517,106.627572,10.850071
2346,Quận 12,Quốc lộ 1A,717517,106.6249,10.848901
3170,Quận 5,Trần Phú,716079,106.675186,10.758427
965,Quận 12,Quốc lộ 1A,715704,106.667461,10.861877
966,Quận 12,Quốc lộ 1A,715704,106.657183,10.861988
977,Quận 12,Quốc lộ 1A,715704,106.661389,10.861819
2137,Huyện Nhà Bè,Huỳnh Tấn Phát,708272,106.757192,10.676897
2138,Huyện Nhà Bè,Huỳnh Tấn Phát,708272,106.754419,10.677925
2139,Huyện Nhà Bè,Huỳnh Tấn Phát,708272,106.76268,10.674752
2141,Huyện Nhà Bè,Huỳnh Tấn Phát,708272,106.759611,10.675922
2144,Huyện Nhà Bè,Huỳnh Tấn Phát,708272,106.765233,10.673761
2174,Huyện Nhà Bè,Huỳnh Tấn Phát,708272,106.765426,10.673856
2176,Huyện Nhà Bè,Huỳnh Tấn Phát,708272,106.757594,10.676882
2177,Huyện Nhà Bè,Huỳnh Tấn Phát,708272,106.754354,10.678115
3689,Huyện Nhà Bè,Huỳnh Tấn Phát,708272,106.759847,10.675985
224,Quận Phú Nhuận,Hoàng Minh Giám,706367,106.677681,10.813442
225,Quận Phú Nhuận,Hoàng Minh Giám,706367,106.674741,10.809906
2354,Quận 12,Quốc lộ 1A,701463,106.679354,10.861725
246,Quận 3,Võ Thị Sáu,698218,106.689613,10.785583
1927,Quận Bình Tân,Quốc lộ 1A,689228,106.598412,10.804263
1929,Quận Bình Tân,Quốc lộ 1A,689228,106.595779,10.791742
1931,Quận Bình Tân,Quốc lộ 1A,689228,106.594276,10.784723
1933,Quận Bình Tân,Quốc lộ 1A,689228,106.592377,10.775476
1934,Quận Bình Tân,Quốc lộ 1A,689228,106.597427,10.799784
1935,Quận Bình Tân,Quốc lộ 1A,689228,106.591667,10.77234
1937,Quận Bình Tân,Quốc lộ 1A,689228,106.594925,10.787811
1939,Quận Bình Tân,Quốc lộ 1A,689228,106.593697,10.781952
1941,Quận Bình Tân,Quốc lộ 1A,689228,106.593262,10.779601
3683,Huyện Cần Giờ,Rừng Sác,686564,106.910974,10.397151
3670,Huyện Cần Giờ,Rừng Sác,685953,106.880091,10.476513
3671,Huyện Cần Giờ,Rừng Sác,685953,106.898475,10.407324
3681,Huyện Cần Giờ,Rừng Sác,685953,106.879994,10.476882
186,Quận Tân Bình,Hoàng Văn Thụ,683653,106.666372,10.800237
618,Quận 8,Quốc lộ 50,682931,106.656142,10.738642
619,Quận 8,Quốc lộ 50,682931,106.656126,10.73646
617,Quận 8,Tùng Thiện Vương,680815,106.656926,10.74483
518,Quận Bình Thạnh,Bạch Đằng,679427,106.699471,10.802893
519,Quận Bình Thạnh,Bạch Đằng,679427,106.701204,10.803615
520,Quận Bình Thạnh,Bạch Đằng,679427,106.703988,10.803293
521,Quận Bình Thạnh,Bạch Đằng,679427,106.706713,10.803077
2114,Quận 1,Hàm Nghi,677011,106.704792,10.770685
2115,Quận 1,Hàm Nghi,677011,106.705785,10.770637
2116,Quận 4,Nguyễn Tất Thành,677011,106.706032,10.767288
315,Quận Thủ Đức,Quốc lộ 1,675790,106.727425,10.86689
320,Quận Thủ Đức,Quốc lộ 1,675790,106.730198,10.86831
2310,Quận Bình Tân,"Tỉnh lộ 10,Tân Tạo, Hồ Chí Minh, Việt Nam",673100,106.6017,10.754742
2312,Quận Bình Tân,"Tỉnh lộ 10,Tân Tạo, Hồ Chí Minh, Việt Nam",673100,106.597771,10.755198
2313,Quận Bình Tân,"Tỉnh lộ 10,Tân Tạo, Hồ Chí Minh, Việt Nam",673100,106.593796,10.756071
705,Huyện Bình Chánh,Quốc lộ 1A,667832,106.598276,10.706422
706,Huyện Bình Chánh,Quốc lộ 1A,667832,106.599339,10.71202
969,Quận 12,Quốc lộ 1A,663947,106.653428,10.862114
2908,Quận Bình Tân,Mã Lò,663767,106.605084,10.760988
2909,Quận Bình Tân,Mã Lò,663767,106.606407,10.758862
2910,Quận Bình Tân,Mã Lò,663767,106.60437,10.76356
1095,Quận 1,Tôn Đức Thắng,662687,106.704363,10.784286
3423,Quận Bình Tân,"Tỉnh lộ 10,Tân Tạo, Hồ Chí Minh, Việt Nam",662037,106.604599,10.755328
711,Huyện Bình Chánh,Quốc lộ 1A,659865,106.600878,10.720838
501,Quận 8,Tùng Thiện Vương,656727,106.659763,10.746073
542,Quận 8,Tùng Thiện Vương,656727,106.656802,10.744513
361,Quận Bình Thạnh,Đinh Bộ Lĩnh,652942,106.711257,10.816661
499,Quận 8,Quốc lộ 50,646147,106.656427,10.738769
502,Quận 8,Quốc lộ 50,646147,106.656346,10.73646
513,Quận Phú Nhuận,Phan Đăng Lưu,641721,106.684075,10.802682
514,Quận Phú Nhuận,Phan Đăng Lưu,641721,106.686108,10.803847
515,Quận Phú Nhuận,Phan Đăng Lưu,641721,106.687916,10.803615
558,Quận Phú Nhuận,Phan Đăng Lưu,641721,106.681741,10.800416
7262,Quận Phú Nhuận,Phan Đăng Lưu,641721,106.690384,10.803251
56,Quận Gò Vấp,Nguyễn Thái Sơn,640414,106.680443,10.816282
57,Quận Gò Vấp,Nguyễn Thái Sơn,640414,106.683147,10.819712
637,Huyện Bình Chánh,Quốc lộ 1A,639539,106.598791,10.712241
511,Quận Phú Nhuận,Hoàng Văn Thụ,639131,106.669462,10.799942
512,Quận Phú Nhuận,Hoàng Văn Thụ,639131,106.673818,10.799542
556,Quận Phú Nhuận,Hoàng Văn Thụ,639131,106.670873,10.799805
305,Quận Bình Thạnh,Quốc lộ 13,637425,106.712791,10.813853
3080,Quận 1,Nguyễn Thái Học,632954,106.695335,10.768434
636,Huyện Bình Chánh,Quốc lộ 1A,632048,106.600342,10.721022
219,Quận Gò Vấp,Nguyễn Kiệm,629044,106.678968,10.823738
221,Quận Gò Vấp,Nguyễn Kiệm,629044,106.678727,10.820044
223,Quận Gò Vấp,Nguyễn Kiệm,629044,106.678598,10.816772
60,Quận Gò Vấp,Phạm Ngũ Lão ,628480,106.681221,10.824607
347,Quận Thủ Đức,Quốc lộ 1,626668,106.729158,10.86812
3161,Quận Tân Phú,Tân Kỳ Tân Quý,623810,106.599317,10.784613
2250,Quận 12,Quốc lộ 1A,623182,106.621059,10.8475
2252,Quận 12,Quốc lộ 1A,623182,106.616081,10.843623
2254,Quận 12,Quốc lộ 1A,623182,106.624348,10.84907
733,Huyện Củ Chi,Quốc lộ 22,621801,106.475742,10.974756
734,Huyện Củ Chi,Quốc lộ 22,621801,106.480347,10.972533
738,Huyện Củ Chi,Quốc lộ 22,621801,106.473129,10.976133
787,Huyện Củ Chi,Quốc lộ 22,621760,106.472717,10.976109
963,Huyện Củ Chi,Quốc lộ 22,621760,106.48049,10.972091
600,Quận Tân Bình,Hoàng Văn Thụ,621065,106.659071,10.798725
602,Quận Tân Bình,Hoàng Văn Thụ,621065,106.657425,10.79717
604,Quận Tân Bình,Xuân Diệu,621065,106.655145,10.796122
1944,Quận 1,Phạm Hồng Thái,611262,106.695824,10.77129
3453,Quận Bình Tân,"Tỉnh lộ 10,Tân Tạo, Hồ Chí Minh, Việt Nam",605357,106.615464,10.757757
137,Quận 5,Châu Văn Liêm,603993,106.658894,10.751381
1096,Quận 1,Đinh Tiên Hoàng,599988,106.702663,10.785778
3454,Quận Bình Tân,"Tỉnh lộ 10,Tân Tạo, Hồ Chí Minh, Việt Nam",599157,106.618225,10.757401
4767,Quận 6,Bà Hom,599157,106.626,10.755665
4769,Quận 6,Bà Hom,599157,106.631439,10.754611
3455,Quận Bình Tân,"Tỉnh lộ 10,Tân Tạo, Hồ Chí Minh, Việt Nam",598653,106.620567,10.757201
3457,Quận Bình Tân,"Tỉnh lộ 10,Tân Tạo, Hồ Chí Minh, Việt Nam",598653,106.618355,10.757481
4763,Quận 6,Bà Hom,598653,106.633746,10.754258
4764,Quận 6,Bà Hom,598653,106.630613,10.754885
4765,Quận 6,Bà Hom,598653,106.628993,10.755207
4766,Quận 6,Bà Hom,598653,106.626563,10.755665
7273,Quận 1,Lê Lai,595108,106.695946,10.770964
638,Huyện Bình Chánh,Quốc lộ 1A,589852,106.598089,10.70706
3662,Huyện Cần Giờ,Rừng Sác,588588,106.777357,10.66287
3663,Huyện Cần Giờ,Rừng Sác,588588,106.808932,10.62017
3664,Huyện Cần Giờ,Rừng Sác,588588,106.787522,10.643659
3665,Huyện Cần Giờ,Rừng Sác,588588,106.824451,10.587922
3666,Huyện Cần Giờ,Rừng Sác,588588,106.8184,10.614197
3685,Huyện Cần Giờ,Rừng Sác,588588,106.824751,10.587932
3686,Huyện Cần Giờ,Rừng Sác,588588,106.809146,10.620371
3687,Huyện Cần Giờ,Rừng Sác,588588,106.818722,10.614081
3688,Huyện Cần Giờ,Rừng Sác,588588,106.787919,10.643785
297,Quận Bình Thạnh,Xô Viết Nghệ Tĩnh,588330,106.71057,10.796533
300,Quận Bình Thạnh,Xô Viết Nghệ Tĩnh,588330,106.711203,10.798999
1921,Huyện Hóc Môn,Quốc lộ 1A,579245,106.60797,10.836167
1926,Huyện Hóc Môn,Quốc lộ 1A,579245,106.612535,10.840398
1928,Huyện Hóc Môn,Quốc lộ 1A,579245,106.605804,10.832674
1930,Quận Bình Tân,Quốc lộ 1A,579245,106.602554,10.823311
1932,Quận Bình Tân,Quốc lộ 1A,579245,106.601379,10.818021
3451,Quận Bình Tân,"Tỉnh lộ 10,Tân Tạo, Hồ Chí Minh, Việt Nam",577205,106.612991,10.758195
3452,Quận Bình Tân,"Tỉnh lộ 10,Tân Tạo, Hồ Chí Minh, Việt Nam",577205,106.609671,10.757768
3459,Quận Bình Tân,"Tỉnh lộ 10,Tân Tạo, Hồ Chí Minh, Việt Nam",576701,106.613104,10.758227
3460,Quận Bình Tân,"Tỉnh lộ 10,Tân Tạo, Hồ Chí Minh, Việt Nam",576701,106.610107,10.757884
3461,Quận Bình Tân,"Tỉnh lộ 10,Tân Tạo, Hồ Chí Minh, Việt Nam",576701,106.607697,10.758161
1497,Quận 9,Lê Văn Việt,572862,106.782028,10.844114
1499,Quận 9,Lê Văn Việt,572862,106.784261,10.844128
5,Quận 5,Châu Văn Liêm,568002,106.658937,10.752566
3,Quận 5,Châu Văn Liêm,567122,106.659203,10.751368
1230,Huyện Hóc Môn,Quốc lộ 22,563995,106.591684,10.877023
1231,Huyện Hóc Môn,Quốc lộ 22,563995,106.596758,10.869954
1232,Huyện Hóc Môn,Quốc lộ 22,563995,106.593078,10.874969
4588,Huyện Hóc Môn,Quốc lộ 22,563995,106.594666,10.872947
362,Quận Bình Thạnh,Đinh Bộ Lĩnh,560960,106.709223,10.812625
363,Quận Bình Thạnh,Đinh Bộ Lĩnh,560960,106.709143,10.809759
364,Quận Bình Thạnh,Đinh Bộ Lĩnh,560960,106.709341,10.806908
365,Quận Bình Thạnh,Đinh Bộ Lĩnh,560960,106.709395,10.804421
78,Quận 1,Hàm Nghi,559422,106.699889,10.77107
1790,Quận Bình Tân,Quốc lộ 1A,557147,106.592392,10.752793
293,Quận 1,Nguyễn Thị Minh Khai,554686,106.70459,10.789598
295,Quận 1,Nguyễn Thị Minh Khai,554686,106.705597,10.790669
298,Quận Bình Thạnh,Xô Viết Nghệ Tĩnh,554686,106.708156,10.793418
2356,Quận 12,Quốc lộ 1A,551275,106.68201,10.861171
2359,Quận 12,Quốc lộ 1A,551275,106.686655,10.860897
2360,Quận 12,Quốc lộ 1A,551275,106.692331,10.860386
2362,Quận 12,Quốc lộ 1A,551275,106.706048,10.859017
2363,Quận 12,Quốc lộ 1A,551275,106.708912,10.858616
2364,Quận 12,Quốc lộ 1A,551275,106.700699,10.859675
2365,Quận Thủ Đức,Quốc lộ 1,551275,106.720451,10.863315
2368,Quận 12,Quốc lộ 1A,551275,106.713504,10.859659
3288,Huyện Bình Chánh,Trần Văn Giàu,550980,106.563247,10.765099
3289,Huyện Bình Chánh,Trần Văn Giàu,550980,106.567447,10.763138
3290,Huyện Bình Chánh,Trần Văn Giàu,550980,106.557931,10.767576
3463,Quận Bình Tân,Tỉnh lộ 10,550980,106.580856,10.758303
3464,Quận Bình Tân,Tỉnh lộ 10,550980,106.57856,10.758835
3465,Quận Bình Tân,Tỉnh lộ 10,550980,106.57563,10.759585
3466,Quận Bình Tân,Tỉnh lộ 10,550980,106.583252,10.757694
3467,Huyện Bình Chánh,Trần Văn Giàu,550980,106.554379,10.769383
3468,Quận Bình Tân,Tỉnh lộ 10,550980,106.57151,10.761275
1501,Quận 9,Lê Văn Việt,546717,106.790977,10.8446
1506,Quận 9,Lê Văn Việt,546717,106.787973,10.844813
1508,Quận 9,Lê Văn Việt,546717,106.793922,10.845276
1247,Quận 7,Nguyễn Hữu Thọ,544067,106.701193,10.741214
1249,Quận 7,Nguyễn Hữu Thọ,544067,106.701708,10.744229
397,Quận 5,Châu Văn Liêm,543696,106.658792,10.752445
7269,Quận 1,Hàm Nghi,542813,106.699492,10.77117
1227,Huyện Hóc Môn,Bà Triệu,542745,106.594945,10.884699
1228,Huyện Hóc Môn,Bà Triệu,542745,106.592054,10.878356
4746,Huyện Hóc Môn,Bà Triệu,542745,106.596093,10.887738
4747,Huyện Hóc Môn,Bà Triệu,542745,106.593733,10.881786
853,Quận 1,Calmette,537233,106.699219,10.767768
1534,Quận 9,Lê Văn Việt,533873,106.781723,10.844381
1537,Quận 9,Lê Văn Việt,533873,106.784084,10.84427
3449,Quận Bình Tân,Tỉnh lộ 10,527401,106.586945,10.756835
1897,Quận Bình Tân,Quốc lộ 1A,524480,106.602333,10.820871
1899,Quận 12,Quốc lộ 1A,524480,106.603855,10.827779
1903,Quận 12,Quốc lộ 1A,524480,106.612304,10.839755
1904,Quận Bình Tân,Quốc lộ 1A,524480,106.601593,10.817604
1908,Quận 12,Quốc lộ 1A,524480,106.606559,10.833269
1910,Quận 12,Quốc lộ 1A,524480,106.610202,10.83789
1165,Huyện Hóc Môn,Đỗ Văn Dậy,513253,106.598454,10.89583
1205,Huyện Củ Chi,Tỉnh lộ 15 Củ Chi,513253,106.5793,10.979333
1206,Huyện Củ Chi,Tỉnh lộ 15 Củ Chi,513253,106.576881,10.982633
1207,Huyện Củ Chi,Tỉnh lộ 15 Củ Chi,513253,106.582382,10.97605
1208,Huyện Củ Chi,Tỉnh lộ 15 Củ Chi,513253,106.584953,10.973317
1209,Huyện Củ Chi,Tỉnh lộ 15 Củ Chi,513253,106.591049,10.966817
1210,Huyện Củ Chi,Tỉnh lộ 15,513253,106.596382,10.961017
1211,Huyện Củ Chi,Tỉnh lộ 15 Củ Chi,513253,106.58873,10.9693
1212,Huyện Củ Chi,Tỉnh lộ 15 Củ Chi,513253,106.593834,10.963883
1213,Huyện Củ Chi,Tỉnh lộ 15 Củ Chi,513253,106.605453,10.9481
1214,Huyện Củ Chi,Tỉnh lộ 15 Củ Chi,513253,106.600815,10.9552
1215,Huyện Củ Chi,Tỉnh lộ 15 Củ Chi,513253,106.600868,10.921883
1216,Huyện Củ Chi,Tỉnh lộ 15 Củ Chi,513253,106.602386,10.952767
1217,Huyện Hóc Môn,Đỗ Văn Dậy,513253,106.599741,10.911
1218,Huyện Củ Chi,Tỉnh lộ 15 Củ Chi,513253,106.605286,10.9448
1219,Huyện Hóc Môn,Đỗ Văn Dậy,513253,106.599548,10.906902
1221,Huyện Hóc Môn,Trương Nữ Vương,513253,106.597397,10.893312
1222,Huyện Hóc Môn,Đỗ Văn Dậy,513253,106.600202,10.914961
1223,Huyện Hóc Môn,Trương Nữ Vương,513253,106.596512,10.890146
1224,Huyện Hóc Môn,Đỗ Văn Dậy,513253,106.599757,10.901687
1225,Huyện Hóc Môn,Đỗ Văn Dậy,513253,106.599677,10.898843
3232,Huyện Củ Chi,Tỉnh lộ 15,513253,106.60429,10.940117
7608,Huyện Củ Chi,TL 15,513253,106.603147,10.932275
1163,Huyện Hóc Môn,Trương Nữ Vương,510788,106.597268,10.892601
1166,Huyện Hóc Môn,Trương Nữ Vương,510788,106.596673,10.890441
1167,Huyện Hóc Môn,Đỗ Văn Dậy,510788,106.599768,10.898564
1168,Huyện Hóc Môn,Đỗ Văn Dậy,510788,106.598754,10.896272
1169,Huyện Hóc Môn,Đỗ Văn Dậy,510788,106.599934,10.910474
1170,Huyện Hóc Môn,Đỗ Văn Dậy,510788,106.600052,10.901319
1171,Huyện Củ Chi,Tỉnh lộ 15 Củ Chi,510788,106.600846,10.921235
1172,Huyện Hóc Môn,Đỗ Văn Dậy,510788,106.600454,10.915436
1173,Huyện Củ Chi,Tỉnh lộ 15 Củ Chi,510788,106.605003,10.943783
1174,Huyện Củ Chi,Tỉnh lộ 15,510788,106.605492,10.948313
1175,Huyện Củ Chi,Tỉnh lộ 15,510788,106.600517,10.955767
1176,Huyện Củ Chi,Tỉnh lộ 15,510788,106.602788,10.952363
1177,Huyện Củ Chi,Tỉnh lộ 15,510788,106.596431,10.961137
1178,Huyện Củ Chi,Tỉnh lộ 15,510788,106.593536,10.964283
1179,Huyện Củ Chi,Tỉnh lộ 15 Củ Chi,510788,106.591652,10.9663
1180,Huyện Củ Chi,Tỉnh lộ 15,510788,106.588654,10.9695
1181,Huyện Củ Chi,Tỉnh lộ 15 Củ Chi,510788,106.584602,10.973817
1182,Huyện Củ Chi,Tỉnh lộ 15 Củ Chi,510788,106.582016,10.976567
1183,Huyện Củ Chi,Tỉnh lộ 15 Củ Chi,510788,106.57872,10.980067
1184,Huyện Củ Chi,Tỉnh lộ 15 Củ Chi,510788,106.577179,10.982237
1220,Huyện Hóc Môn,Đỗ Văn Dậy,510788,106.599741,10.906639
3233,Huyện Củ Chi,Tỉnh lộ 15,510788,106.604435,10.939986
7609,Huyện Củ Chi,TL 15,510788,106.603126,10.93158
517,Quận Bình Thạnh,Phan Đăng Lưu,509513,106.697159,10.802408
1530,Quận 9,Lê Văn Việt,507728,106.794421,10.845566
1532,Quận 9,Lê Văn Việt,507728,106.788209,10.844923
1535,Quận 9,Lê Văn Việt,507728,106.790349,10.844607
1881,Quận 3,Nguyễn Đình Chiểu,507177,106.694191,10.782981
621,Quận 6,Phạm Đình Hổ,506965,106.64975,10.752271
608,Quận Tân Bình,Lý Thường Kiệt,506524,106.652806,10.788718
1311,Huyện Củ Chi,Quốc lộ 22,500087,106.488319,10.96765
3646,Huyện Củ Chi,Quốc lộ 22,500087,106.497749,10.96355
3647,Huyện Củ Chi,Quốc lộ 22,500087,106.49308,10.9658
3547,Huyện Củ Chi,Tỉnh lộ 15,499842,106.513885,11.089467
3506,Huyện Củ Chi,Tỉnh lộ 15,499801,106.514109,11.089071
2306,Quận Bình Tân,Tên Lửa,499561,106.614235,10.741721
1245,Quận 7,Nguyễn Hữu Thọ,486683,106.700002,10.733983
1202,Quận 7,Nguyễn Hữu Thọ,480569,106.699852,10.734573
2056,Quận 12,Tô Ký,480200,106.634068,10.848148
2091,Quận 12,Tô Ký,480200,106.632174,10.84946
555,Quận Tân Bình,Hoàng Văn Thụ,480037,106.659216,10.798556
79,Quận 1,Tôn Đức Thắng,474902,106.706359,10.773299
1244,Quận 7,Nguyễn Hữu Thọ,474412,106.700479,10.729461
1246,Quận 7,Nguyễn Hữu Thọ,474412,106.700222,10.731537
2052,Quận 12,Tô Ký,474204,106.632185,10.849823
2092,Quận 12,Tô Ký,474204,106.634363,10.848253
2345,Quận 12,Quốc lộ 1A,473840,106.713096,10.85997
2348,Quận Thủ Đức,Quốc lộ 1,473840,106.719894,10.863451
2349,Quận 12,Quốc lộ 1A,473840,106.707727,10.859148
2350,Quận 12,Quốc lộ 1A,473840,106.701086,10.860007
2351,Quận 12,Quốc lộ 1A,473840,106.695453,10.86065
2352,Quận 12,Quốc lộ 1A,473840,106.689413,10.86104
2355,Quận 12,Quốc lộ 1A,473840,106.685175,10.861324
704,Huyện Bình Chánh,Quốc lộ 1A,473754,106.597059,10.697161
591,Quận Bình Thạnh,Phan Đăng Lưu,469652,106.695786,10.802819
1200,Quận 7,Nguyễn Hữu Thọ,468298,106.700007,10.731416
1204,Quận 7,Nguyễn Hữu Thọ,468298,106.700243,10.729419
7141,Quận Bình Tân,Tên Lửa,457252,106.613249,10.74436
2148,Quận 8,Quốc lộ 50,456543,106.656051,10.732776
2149,Huyện Bình Chánh,Quốc lộ 50,456543,106.655971,10.7308
2150,Huyện Bình Chánh,Quốc lộ 50,456543,106.655831,10.725292
2151,Huyện Bình Chánh,Quốc lộ 50,456543,106.65589,10.72789
2153,Huyện Bình Chánh,Quốc lộ 50,456543,106.655686,10.72058
3957,Huyện Củ Chi,An Nhơn Tây,455709,106.511093,11.088134
177,Quận Tân Phú,Trường Chinh,453451,106.634262,10.808209
2308,Quận Bình Tân,Đường số 7,452261,106.608177,10.75216
2309,Quận Bình Tân,Đường số 7,452261,106.605316,10.752197
1493,Quận Thủ Đức,Tô Ngọc Vân,451465,106.752037,10.852854
1498,Quận Thủ Đức,Tô Ngọc Vân,451465,106.75045,10.855843
1500,Quận Thủ Đức,Tô Ngọc Vân,451465,106.75428,10.851198
155,Quận 11,Đường 3/2,448884,106.657881,10.762574
204,Quận 12,Hà Huy Giáp,448024,106.67672,10.875074
205,Quận 12,Hà Huy Giáp,448024,106.676785,10.871977
206,Quận 12,Hà Huy Giáp,448024,106.678233,10.868015
207,Quận 12,Hà Huy Giáp,448024,106.680341,10.864886
3205,Quận 12,Hà Huy Giáp,448024,106.685105,10.888945
3208,Quận 12,Hà Huy Giáp,448024,106.688485,10.89485
3255,Quận 12,Bùi Công Trừng,448024,106.689048,10.897452
3257,Quận 12,Hà Huy Giáp,448024,106.687229,10.892611
3260,Quận 12,Hà Huy Giáp,448024,106.680905,10.88423
3261,Quận 12,Hà Huy Giáp,448024,106.682879,10.886327
3262,Quận 12,Hà Huy Giáp,448024,106.679226,10.881117
3263,Quận 12,Hà Huy Giáp,448024,106.678265,10.878983
3886,Huyện Củ Chi,Nguyễn Thị Rành,447633,106.484996,11.024223
1193,Quận 4,Hoàng Diệu,446339,106.701488,10.761879
1195,Quận 4,Hoàng Diệu,446339,106.703183,10.76308
454,Quận Tân Bình,Phổ Quang,445393,106.668495,10.807221
455,Quận Tân Bình,Phổ Quang,445393,106.665924,10.80244
456,Quận Phú Nhuận,Phổ Quang,445393,106.672236,10.808204
457,Quận Tân Bình,Phổ Quang,445393,106.6667,10.805417
458,Quận Phú Nhuận,Hoàng Minh Giám,445393,106.676399,10.811382
459,Quận Phú Nhuận,Hoàng Minh Giám,445393,106.674929,10.809727
461,Quận Phú Nhuận,Hoàng Minh Giám,445393,106.677949,10.813231
698,Huyện Bình Chánh,Quốc lộ 1A,443055,106.574904,10.668742
699,Huyện Bình Chánh,Quốc lộ 1A,443055,106.571835,10.666301
701,Huyện Bình Chánh,Quốc lộ 1A,443055,106.576663,10.670197
2244,Huyện Bình Chánh,Quốc lộ 50,441393,106.655944,10.724923
2246,Huyện Bình Chánh,Quốc lộ 50,441393,106.656089,10.7277
2247,Huyện Bình Chánh,Quốc lộ 50,441393,106.655837,10.720848
2248,Huyện Bình Chánh,Quốc lộ 50,441393,106.656105,10.730905
3043,Huyện Bình Chánh,Quốc lộ 50,440799,106.647307,10.637669
642,Huyện Bình Chánh,Quốc lộ 1A,440556,106.580247,10.673877
644,Huyện Bình Chánh,Quốc lộ 1A,440556,106.576653,10.670561
645,Huyện Bình Chánh,Quốc lộ 1A,440556,106.57455,10.668874
646,Huyện Bình Chánh,Quốc lộ 1A,440556,106.571503,10.66647
1042,Quận Thủ Đức,Quốc lộ 1,440063,106.787277,10.867122
281,Quận 5,Nguyễn Chí Thanh,439987,106.660128,10.758079
1883,Quận 3,Nguyễn Đình Chiểu,439730,106.689789,10.77824
639,Huyện Bình Chánh,Quốc lộ 1A,439104,106.596415,10.696112
640,Huyện Bình Chánh,Quốc lộ 1A,439104,106.595101,10.691884
1485,Quận Thủ Đức,Tô Ngọc Vân,425320,106.735611,10.868147
1488,Quận Thủ Đức,Tô Ngọc Vân,425320,106.740358,10.865981
1490,Quận Thủ Đức,Tô Ngọc Vân,425320,106.742713,10.862968
1492,Quận Thủ Đức,Tô Ngọc Vân,425320,106.738144,10.866876
1494,Quận Thủ Đức,Tô Ngọc Vân,425320,106.741839,10.864554
68,Quận 12,Hà Huy Giáp,419978,106.680433,10.865217
69,Quận 12,Hà Huy Giáp,419978,106.676978,10.871371
70,Quận 12,Hà Huy Giáp,419978,106.677032,10.875454
71,Quận 12,Hà Huy Giáp,419978,106.678201,10.878493
74,Quận 12,Hà Huy Giáp,419978,106.678319,10.86831
77,Quận 12,Hà Huy Giáp,419978,106.679188,10.880785
3203,Quận 12,Hà Huy Giáp,419978,106.68305,10.886253
3204,Quận 12,Hà Huy Giáp,419978,106.681296,10.884562
3206,Quận 12,Hà Huy Giáp,419978,106.685185,10.88876
3207,Quận 12,Hà Huy Giáp,419978,106.688619,10.89486
3210,Quận 12,Bùi Công Trừng,419978,106.689101,10.897721
3259,Quận 12,Hà Huy Giáp,419978,106.687031,10.892079
199,Quận 1,Nam Kỳ Khởi Nghĩa,417766,106.699722,10.773957
2263,Huyện Hóc Môn,Quốc lộ 22,417043,106.581003,10.892279
2328,Huyện Hóc Môn,Quốc lộ 22,417043,106.583911,10.888139
702,Huyện Bình Chánh,Quốc lộ 1A,412515,106.595428,10.691816
1491,Quận Thủ Đức,Tô Ngọc Vân,412255,106.747761,10.859586
1496,Quận Thủ Đức,Tô Ngọc Vân,412255,106.745465,10.860908
76,Quận 1,Hàm Nghi,412175,106.705549,10.770885
153,Quận 11,Đường 3/2,410255,106.653763,10.760371
154,Quận 11,Đường 3/2,410255,106.656006,10.761562
208,Quận 12,Hà Huy Giáp,410194,106.679649,10.857984
209,Quận Gò Vấp,Nguyễn Oanh,410194,106.678539,10.848838
210,Quận Gò Vấp,Nguyễn Oanh,410194,106.67826,10.847015
211,Quận 12,Hà Huy Giáp,410194,106.679006,10.853474
212,Quận Gò Vấp,Nguyễn Oanh,410194,106.677214,10.843975
3311,Huyện Bình Chánh,Trần Văn Giàu,407694,106.557877,10.767349
3312,Huyện Bình Chánh,Trần Văn Giàu,407694,106.567174,10.763033
3313,Huyện Bình Chánh,Trần Văn Giàu,407694,106.563097,10.764925
3444,Huyện Bình Chánh,Trần Văn Giàu,407694,106.554433,10.769078
3445,Quận Bình Tân,Tỉnh lộ 10,407694,106.575447,10.759614
3446,Quận Bình Tân,Tỉnh lộ 10,407694,106.571632,10.76113
3447,Quận Bình Tân,Tỉnh lộ 10,407694,106.580635,10.758222
3448,Quận Bình Tân,Tỉnh lộ 10,407694,106.578438,10.758846
3450,Quận Bình Tân,Tỉnh lộ 10,407694,106.583069,10.757578
2703,Quận 1,Nguyễn Hữu Cảnh,406413,106.707555,10.784149
1877,Quận 1,Nguyễn Bỉnh Khiêm,405792,106.700569,10.791216
2270,Huyện Hóc Môn,Quốc lộ 22,405365,106.583878,10.888708
1290,Huyện Củ Chi,Tỉnh lộ 8,403653,106.627888,10.973955
1292,Huyện Củ Chi,Tỉnh lộ 8,403653,106.638971,10.973266
1293,Huyện Củ Chi,"Tỉnh lộ 8, Củ Chi",403653,106.633853,10.973097
2172,Huyện Bình Chánh,Trần Đại Nghĩa,403354,106.539509,10.744065
398,Quận Thủ Đức,Xa Lộ Hà Nội,401901,106.791138,10.860218
401,Quận Thủ Đức,Xa Lộ Hà Nội,401901,106.784964,10.856483
4392,Quận Thủ Đức,Xa Lộ Hà Nội,401901,106.788633,10.858716
1772,Quận Phú Nhuận,Phổ Quang,399773,106.672107,10.808426
1773,Quận Tân Bình,Phổ Quang,399773,106.668422,10.807467
1774,Quận Tân Bình,Phổ Quang,399773,106.665756,10.802321
1775,Quận Tân Bình,Phổ Quang,399773,106.666555,10.805359
200,Quận 1,Nam Kỳ Khởi Nghĩa,399507,106.698647,10.776052
856,Quận 4,Hoàng Diệu,398007,106.706504,10.764703
64,Quận Gò Vấp,Nguyễn Oanh,397105,106.678496,10.84691
72,Quận Gò Vấp,Nguyễn Oanh,397105,106.676833,10.842268
73,Quận 12,Hà Huy Giáp,397105,106.679285,10.852642
213,Quận 12,Hà Huy Giáp,397105,106.679907,10.857331
4754,Quận Gò Vấp,Nguyễn Oanh,397105,106.678802,10.849117
2272,Huyện Hóc Môn,Hương Lộ 60B,396252,106.583473,10.893196
2977,Quận 2,Lương Định Của,395582,106.749424,10.791985
2980,Quận 2,Lương Định Của,395582,106.745251,10.791052
2981,Quận 2,Lương Định Của,395582,106.735268,10.788312
2983,Quận 2,Lương Định Của,395582,106.730072,10.785555
2984,Quận 2,Lương Định Của,395582,106.73295,10.78709
4065,Quận 2,Lương Định Của,395582,106.741211,10.790178
4070,Quận 2,Lương Định Của,395582,106.738459,10.789572
7564,Quận 1,Nguyễn Thái Bình,393291,106.699669,10.769251
268,Quận Tân Bình,Trường Chinh,392843,106.634696,10.808078
594,Quận Bình Thạnh,Phan Đăng Lưu,390956,106.693543,10.803119
2457,Quận Tân Phú,Tây Thạnh,388660,106.625565,10.816156
2916,Quận Tân Phú,Tây Thạnh,388660,106.628945,10.819169
84,Quận 1,Nguyễn Thị Nghĩa,386161,106.693833,10.770901
494,Quận 9,Xa Lộ Hà Nội,383744,106.775066,10.849966
498,Quận 9,Xa Lộ Hà Nội,383744,106.780474,10.853511
495,Quận 9,Xa Lộ Hà Nội,383743,106.788869,10.858511
256,Quận Tân Bình,Phan Đình Giót,382376,106.66678,10.800848
2259,Huyện Hóc Môn,Lý Thường Kiệt ,381027,106.594368,10.888333
2261,Huyện Hóc Môn,Lý Thường Kiệt ,381027,106.58757,10.884733
2268,Huyện Hóc Môn,Lý Thường Kiệt ,381027,106.590866,10.88715
2702,Quận Bình Thạnh,Nguyễn Hữu Cảnh,380968,106.710522,10.789477
593,Quận Bình Thạnh,Phan Đăng Lưu,378965,106.691741,10.803362
595,Quận Phú Nhuận,Phan Đăng Lưu,378965,106.687637,10.803878
596,Quận Phú Nhuận,Phan Đăng Lưu,378965,106.686119,10.804078
597,Quận Phú Nhuận,Phan Đăng Lưu,378965,106.683608,10.802529
598,Quận Phú Nhuận,Phan Đăng Lưu,378965,106.681892,10.80088
1314,Huyện Củ Chi,Tỉnh lộ 8,375607,106.633515,10.973239
1315,Huyện Củ Chi,"Tỉnh lộ 8, Củ Chi",375607,106.638153,10.97335
1316,Huyện Củ Chi,Tỉnh lộ 8,375607,106.628448,10.973967
1317,Huyện Củ Chi,"Tỉnh lộ 8, Củ Chi",375607,106.623983,10.975404
2446,Quận Bình Tân,Lê Trọng Tấn,375346,106.60495,10.814411
2447,Quận Bình Tân,Lê Trọng Tấn,375346,106.602783,10.815718
2451,Quận Bình Tân,Lê Trọng Tấn,375346,106.607063,10.813337
3153,Quận Tân Phú,Lê Trọng Tấn,375346,106.609238,10.811735
3155,Quận Tân Phú,Lê Trọng Tấn,375346,106.615913,10.808721
3156,Quận Tân Phú,Lê Trọng Tấn,375346,106.613106,10.809837
4378,Quận Thủ Đức,Đường nhánh N8 nút giao Gò Dưa,373138,106.733465,10.867209
1040,Quận Thủ Đức,Quốc lộ 1,371020,106.776724,10.869306
1041,Quận Thủ Đức,Quốc lộ 1,371020,106.778656,10.868691
1043,Quận 11,Hòa Bình,370195,106.641571,10.76698
4223,Quận 1,Hàm Nghi,369591,106.699471,10.771075
3406,Quận 12,Nguyễn Văn Quá,366630,106.627148,10.829908
3407,Quận 12,Nguyễn Văn Quá,366630,106.626762,10.827323
3408,Quận 12,Nguyễn Văn Quá,366630,106.628999,10.835909
3409,Quận 12,Nguyễn Văn Quá,366630,106.627888,10.832068
3410,Quận 12,Nguyễn Văn Quá,366630,106.630458,10.84153
3411,Quận 12,Nguyễn Văn Quá,366630,106.629578,10.838032
3412,Quận 12,Nguyễn Văn Quá,366630,106.631944,10.84436
3413,Quận 12,Nguyễn Văn Quá,366630,106.633886,10.846415
7027,Quận Tân Bình,Trường Chinh,366630,106.629127,10.823901
896,Quận 11,Tạ Uyên,363497,106.653603,10.758002
897,Quận 5,Tạ Uyên,363497,106.65383,10.754606
2454,Quận Tân Phú,Tây Thạnh,362785,106.629111,10.819528
2651,Quận Tân Phú,Tây Thạnh,362785,106.625587,10.816451
1101,Quận Thủ Đức,Quốc lộ 1,362112,106.787265,10.867404
1102,Quận Thủ Đức,Quốc lộ 1,362112,106.782201,10.867867
1103,Quận Thủ Đức,Quốc lộ 1,362112,106.77726,10.869427
1905,Quận 12,Quốc lộ 1A,360102,106.614311,10.841483
735,Huyện Củ Chi,Quốc lộ 22,359700,106.469455,10.978179
736,Huyện Củ Chi,Quốc lộ 22,359700,106.450378,10.991035
737,Huyện Củ Chi,Quốc lộ 22,359700,106.445058,10.996789
739,Huyện Củ Chi,Quốc lộ 22,359700,106.428146,11.005767
741,Huyện Củ Chi,Quốc lộ 22,359700,106.461232,10.98305
743,Huyện Củ Chi,Quốc lộ 22,359700,106.447987,10.993424
745,Huyện Củ Chi,Quốc lộ 22,359700,106.431969,11.00463
784,Huyện Củ Chi,Quốc lộ 22,359700,106.44487,10.996617
785,Huyện Củ Chi,Quốc lộ 22,359700,106.461014,10.982883
790,Huyện Củ Chi,Quốc lộ 22,359700,106.428069,11.005567
792,Huyện Củ Chi,Quốc lộ 22,359700,106.448362,10.992698
794,Huyện Củ Chi,Quốc lộ 22,359700,106.451263,10.989567
796,Huyện Củ Chi,Quốc lộ 22,359700,106.469632,10.977784
4680,Huyện Củ Chi,Quốc lộ 22,359700,106.429378,11.005462
1029,Quận 11,Hòa Bình,359325,106.641176,10.767196
2939,Quận 2,Lương Định Của,357381,106.730418,10.785556
2941,Quận 2,Lương Định Của,357381,106.732553,10.786663
2944,Quận 2,Lương Định Của,357381,106.744548,10.79072
2945,Quận 2,Lương Định Của,357381,106.749902,10.791917
3990,Quận 2,Lương Định Của,357381,106.736094,10.788528
3991,Quận 2,Lương Định Của,357381,106.741667,10.790099
3995,Quận 2,Lương Định Của,357381,106.738856,10.789487
233,Quận 3,Hai Bà Trưng,355861,106.692653,10.787174
3436,Huyện Bình Chánh,Tỉnh lộ 10 Bình Chánh,354463,106.517563,10.78758
3437,Huyện Bình Chánh,Tỉnh lộ 10 Bình Chánh,354463,106.522842,10.784998
3438,Huyện Bình Chánh,Tỉnh lộ 10 Bình Chánh,354463,106.528561,10.782152
3439,Huyện Bình Chánh,Tỉnh lộ 10 Bình Chánh,354463,106.533061,10.77987
3440,Huyện Bình Chánh,Tỉnh lộ 10 Bình Chánh,354463,106.538211,10.777314
3441,Huyện Bình Chánh,Tỉnh lộ 10 Bình Chánh,354463,106.543007,10.774885
3442,Huyện Bình Chánh,Tỉnh lộ 10 Bình Chánh,354463,106.546311,10.773088
3443,Huyện Bình Chánh,Tỉnh lộ 10 Bình Chánh,354463,106.550125,10.77128
3469,Huyện Bình Chánh,Tỉnh lộ 10,354165,106.546504,10.773425
3470,Huyện Bình Chánh,Tỉnh lộ 10,354165,106.550399,10.77138
3471,Huyện Bình Chánh,Tỉnh lộ 10 Bình Chánh,354165,106.53805,10.777636
3472,Huyện Bình Chánh,Tỉnh lộ 10,354165,106.543055,10.775127
3473,Huyện Bình Chánh,Tỉnh lộ 10 Bình Chánh,354165,106.528759,10.7823
3474,Huyện Bình Chánh,Tỉnh lộ 10 Bình Chánh,354165,106.533217,10.780049
3475,Huyện Bình Chánh,Tỉnh lộ 10 Bình Chánh,354165,106.518009,10.787654
3476,Huyện Bình Chánh,Tỉnh lộ 10 Bình Chánh,354165,106.523336,10.784992
1876,Quận 1,Nguyễn Đình Chiểu,354121,106.697861,10.786848
1878,Quận 1,Nguyễn Đình Chiểu,354121,106.696457,10.785293
1879,Quận 1,Nguyễn Đình Chiểu,354121,106.699738,10.78885
641,Huyện Bình Chánh,Quốc lộ 1A,353428,106.588969,10.681494
643,Huyện Bình Chánh,Quốc lộ 1A,353428,106.583154,10.676528
3422,Huyện Bình Chánh,Quốc lộ 1A,353428,106.593717,10.687614
3430,Huyện Bình Chánh,Quốc lộ 1A,353428,106.592333,10.68472
2477,Quận 3,Cách Mạng Tháng Tám,352872,106.687202,10.77469
1505,Quận 9,Làng Tăng Phú,352826,106.798767,10.845685
1507,Quận 9,Làng Tăng Phú,352826,106.79838,10.842879
1509,Quận 9,Lã Xuân Oai,352826,106.799408,10.836178
1510,Quận 9,Làng Tăng Phú,352826,106.797184,10.840382
1512,Quận 9,Lã Xuân Oai,352826,106.803589,10.831241
1880,Quận 3,Nguyễn Đình Chiểu,352070,106.6922,10.780828
257,Quận Tân Bình,Phan Thúc Duyện,349994,106.664221,10.802403
2211,Huyện Hóc Môn,Phan Văn Hớn,348775,106.599693,10.839987
3231,Huyện Củ Chi,Tỉnh lộ 9,348556,106.641937,10.961411
3238,Huyện Củ Chi,Tỉnh lộ 9,348556,106.644963,10.951557
3239,Huyện Củ Chi,Tỉnh lộ 9,348556,106.640264,10.965455
3240,Huyện Củ Chi,Tỉnh lộ 9,348556,106.646894,10.929046
3241,Huyện Củ Chi,Tỉnh lộ 9,348556,106.646475,10.943794
3242,Huyện Củ Chi,Tỉnh lộ 9,348556,106.64797,10.924557
3243,Huyện Củ Chi,Tỉnh lộ 9,348556,106.645746,10.935372
3246,Huyện Hóc Môn,Bùi Công Trừng,348556,106.653374,10.907787
3247,Huyện Hóc Môn,Bùi Công Trừng,348556,106.649861,10.908446
3248,Huyện Hóc Môn,Bùi Công Trừng,348556,106.663679,10.908641
3249,Huyện Hóc Môn,Bùi Công Trừng,348556,106.659876,10.907598
3250,Huyện Hóc Môn,Bùi Công Trừng,348556,106.673105,10.910769
3251,Huyện Hóc Môn,Bùi Công Trừng,348556,106.669033,10.909836
3252,Huyện Hóc Môn,Bùi Công Trừng,348556,106.681007,10.913097
3253,Huyện Hóc Môn,Bùi Công Trừng,348556,106.676581,10.911675
3254,Huyện Hóc Môn,Bùi Công Trừng,348556,106.686859,10.903489
3256,Huyện Hóc Môn,Bùi Công Trừng,348556,106.684134,10.910242
3258,Quận 12,Bùi Công Trừng,348556,106.688576,10.899754
4164,Huyện Hóc Môn,Đặng Thúc Vịnh,348556,106.648149,10.913529
4491,Huyện Hóc Môn,Đặng Thúc Vịnh,348556,106.644845,10.909689
3414,Quận 12,Nguyễn Văn Quá,347872,106.631423,10.844001
3415,Quận 12,Nguyễn Văn Quá,347872,106.634148,10.846736
3416,Quận 12,Nguyễn Văn Quá,347872,106.629535,10.838375
3417,Quận 12,Nguyễn Văn Quá,347872,106.630463,10.841826
3418,Quận 12,Nguyễn Văn Quá,347872,106.627148,10.830282
3419,Quận 12,Nguyễn Văn Quá,347872,106.628602,10.834897
3420,Quận 12,Nguyễn Văn Quá,347872,106.626713,10.828106
3421,Quận 12,Nguyễn Văn Quá,347872,106.627867,10.8324
2696,Quận 1,Lê Duẩn,341536,106.698704,10.780914
3548,Huyện Củ Chi,Tỉnh lộ 15,341362,106.515137,11.0846
3549,Huyện Củ Chi,Tỉnh lộ 15,341362,106.516251,11.080667
3550,Huyện Củ Chi,Tỉnh lộ 15,341362,106.529306,11.061469
3551,Huyện Củ Chi,Tỉnh lộ 15,341362,106.522059,11.070008
3552,Huyện Củ Chi,Tỉnh lộ 15,341362,106.531699,11.056462
3553,Huyện Củ Chi,Tỉnh lộ 15,341362,106.537605,11.052055
3554,Huyện Củ Chi,Tỉnh lộ 15,341362,106.548302,11.045105
3555,Huyện Củ Chi,Tỉnh lộ 15,341362,106.544235,11.047691
3556,Huyện Củ Chi,Tỉnh lộ 15,341362,106.551949,11.042689
3557,Huyện Củ Chi,Tỉnh lộ 15,341362,106.555538,11.040093
3558,Huyện Củ Chi,Tỉnh lộ 15,341362,106.559513,11.037245
3559,Huyện Củ Chi,Tỉnh lộ 15,341362,106.565028,11.028725
3560,Huyện Củ Chi,Tỉnh lộ 15,341362,106.563971,11.022754
3561,Huyện Củ Chi,Tỉnh lộ 15,341362,106.563419,11.018616
3562,Huyện Củ Chi,Tỉnh lộ 15 Củ Chi,341362,106.569952,10.999233
3563,Huyện Củ Chi,Tỉnh lộ 15 Củ Chi,341362,106.563987,11.010854
3564,Huyện Củ Chi,Tỉnh lộ 15 Củ Chi,341362,106.571057,10.996558
3565,Huyện Củ Chi,Tỉnh lộ 15,341362,106.573568,10.990628
3566,Huyện Củ Chi,Tỉnh lộ 15,341362,106.575746,10.985346
2083,Quận Thủ Đức,Quốc lộ 1,340561,106.769643,10.871597
2084,Quận Thủ Đức,Quốc lộ 1,340561,106.773039,10.870507
3485,Huyện Củ Chi,Tỉnh lộ 15 Củ Chi,338897,106.576105,10.984835
3487,Huyện Củ Chi,Tỉnh lộ 15 Củ Chi,338897,106.571803,10.99512
3488,Huyện Củ Chi,Tỉnh lộ 15 Củ Chi,338897,106.563773,11.011555
3489,Huyện Củ Chi,Tỉnh lộ 15 Củ Chi,338897,106.574593,10.988501
3490,Huyện Củ Chi,Tỉnh lộ 15 Củ Chi,338897,106.563515,11.01775
3491,Huyện Củ Chi,Tỉnh lộ 15 Củ Chi,338897,106.573455,10.991192
3492,Huyện Củ Chi,Tỉnh lộ 15,338897,106.565022,11.027588
3493,Huyện Củ Chi,Tỉnh lộ 15 Củ Chi,338897,106.569936,10.999596
3494,Huyện Củ Chi,Tỉnh lộ 15,338897,106.564148,11.022483
3495,Huyện Củ Chi,Tỉnh lộ 15,338897,106.55925,11.037597
3496,Huyện Củ Chi,Tỉnh lộ 15,338897,106.551831,11.04292
3497,Huyện Củ Chi,Tỉnh lộ 15 Củ Chi,338897,106.556,11.039919
3498,Huyện Củ Chi,Tỉnh lộ 15,338897,106.544632,11.04759
3499,Huyện Củ Chi,Tỉnh lộ 15,338897,106.548677,11.045
3500,Huyện Củ Chi,Tỉnh lộ 15,338897,106.538383,11.051734
3501,Huyện Củ Chi,Tỉnh lộ 15,338897,106.529114,11.06216
3502,Huyện Củ Chi,Tỉnh lộ 15,338897,106.531484,11.057183
3503,Huyện Củ Chi,Tỉnh lộ 15,338897,106.522697,11.069613
3504,Huyện Củ Chi,Tỉnh lộ 15,338897,106.515149,11.085133
3505,Huyện Củ Chi,Tỉnh lộ 15,338897,106.516449,11.080515
1690,Quận 12,Nguyễn Ảnh Thủ,338835,106.60768,10.855824
1691,Quận 12,Nguyễn Ảnh Thủ,338835,106.609306,10.858284
1692,Quận 12,Nguyễn Ảnh Thủ,338835,106.611232,10.861261
1693,Quận 12,Nguyễn Ảnh Thủ,338835,106.613383,10.864253
1694,Quận 12,Nguyễn Ảnh Thủ,338835,106.615089,10.866635
2479,Quận Thủ Đức,Quốc lộ 1,336254,106.72943115234375,10.868857383728027
946,Quận 12,Quốc lộ 1A,333842,106.67835998535156,10.862156867980957
2142,Quận Thủ Đức,Quốc lộ 1,333326,106.774932,10.870254
2143,Quận Thủ Đức,Quốc lộ 1,333326,106.768248,10.872419
214,Quận Gò Vấp,Nguyễn Oanh,332946,106.676313,10.841436
215,Quận Gò Vấp,Nguyễn Oanh,332946,106.675707,10.839518
216,Quận Gò Vấp,Nguyễn Oanh,332946,106.675395,10.836978
217,Quận Gò Vấp,Nguyễn Oanh,332946,106.676919,10.83163
218,Quận Gò Vấp,Nguyễn Oanh,332946,106.675535,10.834939
220,Quận Gò Vấp,Nguyễn Oanh,332946,106.678839,10.828532
490,Quận Thủ Đức,Võ Văn Ngân,332491,106.764439,10.85065
492,Quận Thủ Đức,Võ Văn Ngân,332491,106.769112,10.849686
493,Quận Thủ Đức,Võ Văn Ngân,332491,106.760931,10.850419
497,Quận Thủ Đức,Võ Văn Ngân,332491,106.771917,10.849597
2222,Huyện Hóc Môn,Nguyễn Văn Bứa,332372,106.550753,10.869479
2227,Huyện Hóc Môn,Nguyễn Văn Bứa,332372,106.535561,10.871845
2265,Huyện Hóc Môn,Nguyễn Văn Bứa,332372,106.538576,10.871223
3939,Huyện Hóc Môn,Nguyễn Văn Bứa,332372,106.541677,10.870702
3949,Huyện Hóc Môn,Nguyễn Văn Bứa,332372,106.54673,10.870006
503,Quận 10,Lý Thường Kiệt,331700,106.661351,10.759602
2223,Huyện Hóc Môn,Nguyễn Văn Bứa,331468,106.546204,10.869911
2225,Huyện Hóc Môn,Nguyễn Văn Bứa,331468,106.542106,10.870501
2267,Huyện Hóc Môn,Nguyễn Văn Bứa,331468,106.551011,10.869195
3967,Huyện Hóc Môn,Nguyễn Văn Bứa,331468,106.538174,10.871176
58,Quận Gò Vấp,Nguyễn Oanh,329061,106.678775,10.828991
62,Quận Gò Vấp,Nguyễn Oanh,329061,106.676699,10.832547
63,Quận Gò Vấp,Nguyễn Oanh,329061,106.67583,10.839297
67,Quận Gò Vấp,Nguyễn Oanh,329061,106.67561,10.836114
1634,Huyện Hóc Môn,Nguyễn Ánh Thủ,328570,106.613125,10.864132
1635,Huyện Hóc Môn,Nguyễn Ánh Thủ,328570,106.61481,10.866466
1636,Huyện Hóc Môn,Nguyễn Ánh Thủ,328570,106.610851,10.860908
1637,Huyện Hóc Môn,Nguyễn Ánh Thủ,328570,106.60893,10.857947
1638,Huyện Hóc Môn,Nguyễn Ánh Thủ,328570,106.607997,10.856556
574,Quận Thủ Đức,Quốc lộ 1,325128,106.801116,10.86605
1518,Quận 9,Nguyễn Duy Trinh,323686,106.821077,10.806213
3019,Huyện Bình Chánh,Quốc lộ 50,323579,106.655617,10.718477
3020,Huyện Bình Chánh,Quốc lộ 50,323579,106.655531,10.715762
3021,Huyện Bình Chánh,Quốc lộ 50,323579,106.655627,10.71193
3023,Huyện Bình Chánh,Quốc lộ 50,323579,106.655359,10.708388
3024,Huyện Bình Chánh,Quốc lộ 50,323579,106.654308,10.701515
3025,Huyện Bình Chánh,Quốc lộ 50,323579,106.654801,10.704672
3026,Huyện Bình Chánh,Quốc lộ 50,323579,106.654356,10.698194
3027,Huyện Bình Chánh,Quốc lộ 50,323579,106.654876,10.695416
3028,Huyện Bình Chánh,Quốc lộ 50,323579,106.654946,10.692511
3029,Huyện Bình Chánh,Quốc lộ 50,323579,106.653471,10.688431
3030,Huyện Bình Chánh,Quốc lộ 50,323579,106.651068,10.683086
3031,Huyện Bình Chánh,Quốc lộ 50,323579,106.650488,10.677989
3032,Huyện Bình Chánh,Quốc lộ 50,323579,106.650853,10.673592
3033,Huyện Bình Chánh,Quốc lộ 50,323579,106.651052,10.669765
3034,Huyện Bình Chánh,Quốc lộ 50,323579,106.651229,10.66667
3035,Huyện Bình Chánh,Quốc lộ 50,323579,106.65154,10.662801
3036,Huyện Bình Chánh,Quốc lộ 50,323579,106.651776,10.659954
3038,Huyện Bình Chánh,Quốc lộ 50,323579,106.653138,10.656164
3039,Huyện Bình Chánh,Quốc lộ 50,323579,106.654608,10.652463
3040,Huyện Bình Chánh,Quốc lộ 50,323579,106.655982,10.648087
3041,Huyện Bình Chánh,Quốc lộ 50,323579,106.656776,10.644338
3042,Huyện Bình Chánh,Quốc lộ 50,323579,106.658036,10.637843
4421,Huyện Bình Chánh,Quốc lộ 50 (Quốc lộ 1A),323579,106.66023,10.633299
700,Huyện Bình Chánh,Quốc lộ 1A,323346,106.582333,10.675522
703,Huyện Bình Chánh,Quốc lộ 1A,323346,106.58928,10.681405
3431,Huyện Bình Chánh,Quốc lộ 1A,323346,106.59251,10.68452
3432,Huyện Bình Chánh,Quốc lộ 1A,323346,106.593695,10.686876
3116,Huyện Bình Chánh,Quốc lộ 50,321080,106.660509,10.633061
3118,Huyện Bình Chánh,Quốc lộ 50,321080,106.656861,10.644481
3119,Huyện Bình Chánh,Quốc lộ 50,321080,106.657993,10.638318
3120,Huyện Bình Chánh,Quốc lộ 50,321080,106.654791,10.652305
3121,Huyện Bình Chánh,Quốc lộ 50,321080,106.656024,10.648282
3122,Huyện Bình Chánh,Quốc lộ 50,321080,106.651905,10.659902
3123,Huyện Bình Chánh,Quốc lộ 50,321080,106.653214,10.656296
3124,Huyện Bình Chánh,Quốc lộ 50,321080,106.651352,10.666502
3125,Huyện Bình Chánh,Quốc lộ 50,321080,106.651658,10.663001
3126,Huyện Bình Chánh,Quốc lộ 50,321080,106.651003,10.673508
3127,Huyện Bình Chánh,Quốc lộ 50,321080,106.651175,10.66986
3128,Huyện Bình Chánh,Quốc lộ 50,321080,106.650681,10.677899
3129,Huyện Bình Chánh,Quốc lộ 50,321080,106.651261,10.683149
3130,Huyện Bình Chánh,Quốc lộ 50,321080,106.655096,10.692622
3131,Huyện Bình Chánh,Quốc lộ 50,321080,106.653691,10.688516
3132,Huyện Bình Chánh,Quốc lộ 50,321080,106.654501,10.698136
3133,Huyện Bình Chánh,Quốc lộ 50,321080,106.654978,10.695548
3134,Huyện Bình Chánh,Quốc lộ 50,321080,106.654957,10.704709
3135,Huyện Bình Chánh,Quốc lộ 50,321080,106.655756,10.712051
3136,Huyện Bình Chánh,Quốc lộ 50,321080,106.654587,10.701768
